even_sector_index,eigenvalue,abs_center_value,minus_log_abs_center_over_eigenvalue
0,0,0.3989367365320032,nan
1,1.002365529484982,0.00205605748769022,6.172364061661391
2,2.002610881070964,0.001364685775395271,3.29411526741197
3,3.002475284972355,0.0009975902391716437,2.30149036781185
4,4.002232278970969,0.0007663543179479308,1.792466163644673
5,5.001966480247709,0.0006076200495522261,1.480609839967166
6,6.001708387779258,0.0004926770988634246,1.268914795309934
7,7.001468952109241,0.0004063064985318299,1.115252072685214
8,8.001251257245587,0.0003395999541495886,0.998311636733908
9,9.001055096321295,0.0002869701350650924,0.9061307057168444
10,10.00087892630052,0.000244728565136592,0.8314630064288947
11,11.000720743701,0.0002103418898687364,0.7696565071822907
12,12.00057848230662,0.0001820141428920256,0.7175842546594858
13,13.00045018870622,0.0001584386351141892,0.673064630283117
14,14.00033409174461,0.0001386438031444671,0.6345278921860514
15,15.00022862103816,0.0001218938119626654,0.6008148618049862
16,16.00013240159077,0.0001076224333607186,0.571050364719255
17,17.00004423800107,9.538787520421734e-05,0.5445608818586907
18,17.99996309500962,8.484120659252107e-05,0.5208193570680766
19,18.99988807770416,7.570383996166212e-05,0.4994072403982403
20,19.99981841292996,6.775118618229195e-05,0.4799877874854002
21,20.99975343254101,6.080060286894589e-05,0.4622868970637706
22,21.99969255865821,5.470238266915608e-05,0.4460791106270089
23,22.99963529087596,4.933292904645346e-05,0.4311772183552949
24,23.99958119525191,4.458952911870474e-05,0.4174244299565927
25,24.99952989487935,4.038630790209193e-05,0.4046883995937896
26,25.99948106183762,3.665106700674429e-05,0.3928566109586871
27,26.99943441032855,3.332279275737342e-05,0.3818327736519747
28,27.99938969082545,3.034967610777831e-05,0.3715339808219548
29,28.99934668508483,2.768752747829994e-05,0.3618884463736143
30,29.99930520188913,2.529849895630189e-05,0.3528336880653746
31,30.99926507340983,2.315004762330355e-05,0.3443150569858962
32,31.99922615209546,2.121408945113322e-05,0.3362845385427138
33,32.99918830800554,1.946630485370196e-05,0.3286997680673843
34,33.99915142652195,1.78855657089522e-05,0.3215232173961887
35,34.99911540638169,1.645346026446862e-05,0.3147215186599077
36,35.99908015798201,1.515389737017379e-05,0.3082648989428498
37,36.99904560191842,1.397277534476045e-05,0.3021267051068376
38,37.9990116677203,1.289770377058157e-05,0.2962830023888584
39,38.99897829275724,1.191776883914041e-05,0.2907122337068268
40,39.99894542128939,1.102333469288872e-05,0.2853949291930202
41,40.99891300364246,1.020587464728044e-05,0.2803134574966498
42,41.99888099549015,9.457827317096103e-06,0.2754518119903786
43,42.99884935722751,8.772473580053501e-06,0.2707954262784137
44,43.99881805342492,8.143831039206241e-06,0.2663310144104771
45,44.99878705234956,7.566563232072674e-06,0.2620464320136136
46,45.99875632554642,7.035901308877292e-06,0.2579305552048844
47,46.99872584747085,6.547576287850759e-06,0.2539731746754901
48,47.9986955951656,6.097760310132838e-06,0.2501649027664052
49,48.99866554797669,5.683015574388872e-06,0.2464970917076205
50,49.99863568730229,5.300249843345934e-06,0.2429617614815913
51,50.99860599637271,4.946677589421221e-06,0.239551536009837
52,51.99857646005395,4.619785991392285e-06,0.2362595865598481
53,52.99854706467583,4.317305114699021e-06,0.2330795814332366
54,53.99851779787819,4.037181708318672e-06,0.2300056411338023
55,54.99848864847521,3.777556135256178e-06,0.2270322983289998
56,55.998459606335,3.536742024188474e-06,0.2241544620151369
57,56.99843066227221,3.313208289082932e-06,0.2213673853785796
58,57.99840180795209,3.105563213817487e-06,0.2186666369137059
59,58.99837303580612,2.912540340985383e-06,0.2160480744180934
60,59.99834433895533,2.732985940265423e-06,0.2135078215341187
61,60.9983157111433,2.56584786204653e-06,0.2110422465501641
62,61.99828714667424,2.410165608225361e-06,0.2086479432103242
63,62.99825864036018,2.26506147431724e-06,0.2063217133130643
64,63.99823018747117,2.129732636013858e-06,0.2040605509068662
65,64.99820178369211,2.003444069836822e-06,0.2018616279132203
66,65.99817342508373,1.885522211391834e-06,0.1997222810290771
67,66.99814510804704,1.775349267167696e-06,0.1976399997761711
68,67.99811682929182,1.672358105949551e-06,0.195612415582446
69,68.99808858580835,1.57602766528904e-06,0.1936372917917799
70,69.99806037484133,1.485878816132466e-06,0.1917125145113203
71,70.99803219386699,1.4014706356261e-06,0.1898360842151543
72,71.99800404057248,1.322397044042626e-06,0.1880061080319906
73,72.99797591283611,1.248283766902766e-06,0.1862207926527872
74,73.99794780871123,1.178785587980554e-06,0.1844784378001305
75,74.99791972641037,1.113583862703787e-06,0.1827774302085148
76,75.99789166429142,1.052384265017974e-06,0.181116238069032
77,76.99786362084463,9.949147437970584e-07,0.17949340589683
78,77.99783559468163,9.409236674784463e-07,0.1779075497847708
79,78.99780758452449,8.901781380894884e-07,0.1763573530086307
80,79.99777958919685,8.424624577184699e-07,0.1748415619547162
81,80.99775160761489,7.975767324440674e-07,0.1733589823419862
82,81.99772363877946,7.553356002838202e-07,0.17190847571415
83,82.99769568176963,7.15567071170238e-07,0.1704889561791951
84,83.99766773573531,6.781114681754027e-07,0.1690993873766599
85,84.99763979989162,6.428204604068638e-07,0.1677387796534897
86,85.99761187351436,6.095561788914677e-07,0.166406187432581
87,86.99758395593399,5.781904077314052e-07,0.1651007067582138
88,87.9975560465315,5.486038435339582e-07,0.1638214730050841
89,88.99752814473482,5.206854168928687e-07,0.1625676587373974
90,89.997500250014,4.943316701843967e-07,0.1613384717083634
91,90.99747236187933,4.69446186696739e-07,0.1601331529874006
92,91.99744447987669,4.459390664406327e-07,0.1589509752065892
93,92.99741660358571,4.237264444745371e-07,0.1577912409181023
94,93.99738873261639,4.02730048055063e-07,0.156653281053187
95,94.99736086660764,3.828767891610235e-07,0.1555364534767228
96,95.99733300522412,3.640983893711592e-07,0.1544401416293224
97,96.99730514815494,3.463310342965786e-07,0.1533637532510354
98,97.99727729511133,3.295150549817441e-07,0.1523067191827741
99,98.99724944582501,3.135946340975582e-07,0.1512684922369466
100,99.99722160004691,2.985175347733459e-07,0.150248546134333
101,100.9971937575457,2.842348501472483e-07,0.1492463745037964
102,101.9971659181059,2.707007720057384e-07,0.1482614899377226
103,102.9971380815274,2.578723768584865e-07,0.1472934231021236
104,103.997110247624,2.457094280678273e-07,0.1463417218963423
105,104.9970824162222,2.341741927177334e-07,0.1454059506594864
106,105.9970545871606,2.232312720145442e-07,0.1444856894213783
107,106.9970267602889,2.12847444188248e-07,0.1435805331930805
108,107.9969989354672,2.02991518835958e-07,0.1426900912970628
109,108.9969711125648,1.936342018522847e-07,0.1418139867325625
110,109.9969432914601,1.847479700898694e-07,0.1409518555750369
111,110.9969154720393,1.76306955006354e-07,0.1401033464069601
112,111.9968876541969,1.682868346010781e-07,0.1392681197780216
113,112.9968598378339,1.606647329652357e-07,0.1384458476950036
114,113.9968320228581,1.534191269611158e-07,0.1376362131344214
115,114.996804209183,1.465297593592033e-07,0.1368389095834042
116,115.9967763967286,1.399775580428182e-07,0.1360536406020824
117,116.9967485854196,1.337445608072561e-07,0.1352801194069362
118,117.9967207751856,1.278138452866297e-07,0.1345180684769733
119,118.9966929659612,1.221694636945067e-07,0.1337672191774527
120,119.9966651576844,1.167963819864422e-07,0.133027311402356
121,120.9966373502981,1.116804231213892e-07,0.1322980932346191
122,121.9966095437487,1.068082141433857e-07,0.1315793206217465
123,122.9965817379855,1.02167136776716e-07,0.1308707570681554
124,123.9965539329614,9.774528132359759e-08,0.1301721733402127
125,124.9965261286325,9.353140358258825e-08,0.1294833471867315
126,125.9964983249573,8.951488461286148e-08,0.1288040630709745
127,126.9964705218971,8.568569311135195e-08,0.1281341119161077
128,127.9964427194155,8.203435021537481e-08,0.1274732908640271
129,128.9964149174786,7.855189668386838e-08,0.1268214030351431
130,129.9963871160544,7.522986198711759e-08,0.1261782573178611
131,130.9963593151128,7.206023557802478e-08,0.1255436681478964
132,131.996331514626,6.90354398682269e-08,0.1249174553089888
133,132.9963037145675,6.614830495208598e-08,0.1242994437386767
134,133.9962759149126,6.339204492575265e-08,0.1236894633419322
135,134.9962481156379,6.076023566274935e-08,0.1230873488158652
136,135.9962203167216,5.82467940105226e-08,0.1224929394777669
137,136.9961925181435,5.584595824811896e-08,0.1219060791037797
138,137.9961647198842,5.355226975527638e-08,0.1213266157738294
139,138.9961369219254,5.136055582474891e-08,0.1207544017206619
140,139.9961091242501,4.926591350559322e-08,0.1201892931875768
141,140.9960813268426,4.726369442124207e-08,0.1196311502933009
142,141.9960535296876,4.53494905332142e-08,0.1190798368985721
143,142.996025732771,4.351912075165918e-08,0.1185352204794524
144,143.9959979360797,4.17686183249003e-08,0.1179971720095677
145,144.995970139601,4.009421902775325e-08,0.1174655658396893
146,145.995942343323,3.849234999708019e-08,0.11694027959094
147,146.9959145472347,3.695961927855277e-08,0.116421194043674
148,147.9958867513257,3.549280594889794e-08,0.1159081930374957
149,148.9958589555859,3.408885084101416e-08,0.1154011633709413
150,149.9958311600063,3.274484779467291e-08,0.1148999947078731
151,150.9958033645781,3.145803543365146e-08,0.1144045794838385
152,151.9957755692931,3.022578938934299e-08,0.1139148128218421
153,152.9957477741434,2.904561501137805e-08,0.1134305924430861
154,153.9957199791216,2.791514044816468e-08,0.1129518185912932
155,154.9956921842211,2.683211017028391e-08,0.1124783939493248
156,155.9956643894352,2.579437881934299e-08,0.1120102235684937
157,156.9956365947579,2.479990544148697e-08,0.1115472147918967
158,157.9956088001832,2.384674801838842e-08,0.1110892771870421
159,158.9955810057057,2.293305831404961e-08,0.1106363224788983
160,159.9955532113203,2.205707701963958e-08,0.1101882644825221
161,160.995525417022,2.12171291375297e-08,0.1097450190466825
162,161.9954976228064,2.041161968112438e-08,0.1093065039824134
163,162.995469828669,1.963902953014152e-08,0.1088726390176352
164,163.9954420346057,1.889791158945901e-08,0.1084433457311918
165,164.9954142406127,1.818688709993733e-08,0.1080185475068077
166,165.9953864466862,1.750464219434993e-08,0.1075981694749224
167,166.9953586528229,1.684992461879528e-08,0.1071821384630889
168,167.9953308590194,1.622154062399762e-08,0.1067703829509314
169,168.9953030652726,1.561835203842643e-08,0.1063628330218143
170,169.9952752715796,1.503927350456614e-08,0.105959420313492
171,170.9952474779378,1.44832698361251e-08,0.1055600779805222
172,171.9952196843445,1.394935353779116e-08,0.1051647406499183
173,172.9951918907969,1.343658246495017e-08,0.1047733443742733
174,173.9951640972931,1.29440575649343e-08,0.1043858266040945
175,174.9951363038306,1.247092079324819e-08,0.1040021261374033
176,175.9951085104073,1.201635308704293e-08,0.1036221830934428
177,176.9950807170214,1.157957248606306e-08,0.1032459388687838
178,177.9950529236709,1.115983232898262e-08,0.1028733361047009
179,178.995025130354,1.075641953650083e-08,0.1025043186594574
180,179.9949973370691,1.036865301154437e-08,0.1021388315672211
181,180.9949695438146,9.995882090161991e-09,0.1017768210142771
182,181.9949417505889,9.637485099005302e-09,0.1014182343018099
183,182.9949139573907,9.292867962411436e-09,0.1010630198228512
184,183.9948861642183,8.961462893139654e-09,0.1007111270333042
185,184.994858371071,8.642727162575341e-09,0.100362506415596
186,185.994830577947,8.336141894876157e-09,0.1000171094666318
187,186.9948027848452,8.041210968993853e-09,0.09967488865724658
188,187.9947749917649,7.757459931311493e-09,0.09933579742092412
189,188.9947471987049,7.484435005308055e-09,0.09899979011503894
190,189.9947194056639,7.221702108034556e-09,0.09866682201185437
191,190.9946916126413,6.968845944830522e-09,0.09833684927015864
192,191.994663819636,6.725469169671406e-09,0.09800982889067435
193,192.9946360266473,6.491191484579342e-09,0.09768571875083053
194,193.9946082336745,6.265648932087425e-09,0.09736447752542787
195,194.9945804407166,6.048493113110262e-09,0.09704606469251945
196,195.994552647773,5.839390477672525e-09,0.09673044051324151
197,196.994524854843,5.638021649442825e-09,0.09641756601277211
198,197.9944970619259,5.444080783643352e-09,0.09610740296126695
199,198.9944692690211,5.257274966665027e-09,0.09579991384505121
200,199.994441476128,5.077323608679328e-09,0.09549506187227899
201,200.9944136832462,4.903957917039347e-09,0.09519281092984075
202,201.9943858903749,4.736920345980303e-09,0.09489312558833655
203,202.9943580975138,4.575964106205014e-09,0.09459597107422558
204,203.9943303046623,4.420852683440726e-09,0.09430131325673033
205,204.9943025118202,4.271359384093249e-09,0.09400911863064577
206,205.9942747189867,4.127266890440966e-09,0.09371935431334294
207,206.9942469261617,3.988366860631599e-09,0.09343198801484234
208,207.9942191333445,3.854459523258144e-09,0.09314698803637944
209,208.994191340535,3.725353314051202e-09,0.09286432324130742
210,209.9941635477327,3.600864499190087e-09,0.09258396306442976
211,210.9941357549373,3.480816845877655e-09,0.0923058774841858
212,211.9941079621485,3.365041303691725e-09,0.09203003699946584
213,212.994080169366,3.25337566395137e-09,0.09175641265838605
214,213.9940523765894,3.145664302656913e-09,0.09148497599193296
215,214.9940245838187,3.041757862025548e-09,0.09121569905266853
216,215.9939967910533,2.941513007962107e-09,0.09094855436383513
217,216.9939689982931,2.844792152791044e-09,0.0906835149377223
218,217.993941205538,2.751463221607757e-09,0.09042055424651968
219,218.9939134127874,2.661399404315907e-09,0.09015964623375515
220,219.9938856200416,2.574478961543545e-09,0.08990076525351898
221,220.9938578273001,2.490584963706943e-09,0.08964388614075589
222,221.9938300345627,2.409605125776581e-09,0.0893889841352996
223,222.9938022418291,2.331431598510268e-09,0.08913603489540167
224,223.9937744490992,2.255960778511712e-09,0.08888501449578243
225,224.9937466563732,2.183093135816024e-09,0.08863589940838264
226,225.9937188636504,2.112733042707858e-09,0.08838866649545524
227,226.9936910709312,2.044788610357965e-09,0.0881432930026262
228,227.9936632782148,1.979171530456284e-09,0.08789975655730427
229,228.9936354855015,1.91579692993278e-09,0.08765803515421615
230,229.9936076927911,1.854583231027535e-09,0.08741810714272537
231,230.9935799000835,1.795452010908636e-09,0.08717995122961941
232,231.9935521073783,1.738327874722122e-09,0.08694354646534115
233,232.993524314676,1.683138326315891e-09,0.08670887224962368
234,233.9934965219759,1.629813666166487e-09,0.08647590828233608
235,234.993468729278,1.578286849596555e-09,0.08624463462817206
236,235.9934409365824,1.528493401354555e-09,0.08601503165138571
237,236.993413143889,1.480371304575738e-09,0.08578708002665866
238,237.9933853511974,1.433860899151229e-09,0.0855607607388409
239,238.9933575585079,1.388904787412168e-09,0.08533605507471183
240,239.9933297658202,1.345447753048884e-09,0.08511294458612165
241,240.9933019731344,1.303436644104046e-09,0.08489141117483565
242,241.9932741804502,1.262820334666034e-09,0.08467143694768819
243,242.9932463877677,1.223549595885598e-09,0.08445300436476333
244,243.9932185950871,1.185577065162289e-09,0.08423609608667387
245,244.9931908024076,1.148857136156545e-09,0.08402069508928064
246,245.9931630097296,1.113345907703075e-09,0.08380678459559548
247,246.9931352170534,1.079001117944625e-09,0.08359434806329032
248,247.9931074243782,1.045782064063399e-09,0.08338336923768479
249,248.9930796317046,1.013649554644928e-09,0.08317383209607601
250,249.9930518390323,9.82565855572881e-10,0.0829657208201664
251,250.9930240463611,9.524946073746604e-10,0.08275901989473554
252,251.992996253691,9.234008041328202e-10,0.08255371396939067
253,252.9929684610224,8.952507099513753e-10,0.08234978798329676
254,253.9929406683551,8.680118397656796e-10,0.08214722702991142
255,254.9929128756887,8.416528567520465e-10,0.08194601659783375
256,255.9928850830234,8.161436592774638e-10,0.08174614195483211
257,256.9928572903593,7.914551151862784e-10,0.08154758917319954
258,257.9928294976964,7.675592329013897e-10,0.0813503441312263
259,258.9928017050347,7.4442900732009e-10,0.08115439304168053
260,259.992773912374,7.220384235724973e-10,0.08095972223943995
261,260.9927461197144,7.003623840925793e-10,0.08076631836201098
262,261.992718327056,6.793767093322926e-10,0.08057416815557249
263,262.9926905343987,6.590580761788817e-10,0.08038325861686518
264,263.9926627417427,6.393840075779701e-10,0.08019357686442211
265,264.9926349490877,6.203328205246206e-10,0.08000511025030703
266,265.9926071564341,6.018836068403769e-10,0.07981784629429889
267,266.9925793637817,5.840162082668437e-10,0.07963177265176083
268,267.9925515711308,5.667111710500956e-10,0.07944687721978679
269,268.9925237784812,5.499497406261241e-10,0.07926314799780664
270,269.9924959858333,5.337138149783359e-10,0.07908057321991545
271,270.9924681931867,5.179859376765727e-10,0.07889914123420515
272,271.9924404005419,5.027492679280479e-10,0.07871884053792751
273,272.992412607899,4.879875494008041e-10,0.0785396598355988
274,273.992384815258,4.736851012934039e-10,0.07836158794247795
275,274.9923570226189,4.598267883400081e-10,0.0781846138461061
276,275.9923292299824,4.463979988775902e-10,0.07800872671983561
277,276.9923014373479,4.333846382633319e-10,0.07783391581747422
278,277.9922736447166,4.207730993969651e-10,0.07766017055361919
279,278.9922458520881,4.085502445155856e-10,0.07748748050532996
280,279.9922180594627,3.967033863389707e-10,0.07731583542645325
281,280.9921902668406,3.852202844106976e-10,0.07714522513020761
282,281.9921624742229,3.740891185624545e-10,0.07697563957635604
283,282.9921346816091,3.632984672219217e-10,0.07680706893217119
284,283.9921068890001,3.528373099907258e-10,0.07663950340687631
285,284.9920790963965,3.426949971741058e-10,0.0764729334040516
286,285.9920513037987,3.328612535524167e-10,0.07630734934513971
287,286.9920235112074,3.233261286120003e-10,0.07614274204780269
288,287.9919957186225,3.140800546968929e-10,0.075979101976951
289,288.9919679260462,3.051137428128185e-10,0.07581642022380702
290,289.9919401334791,2.964182477765121e-10,0.07565468767719973
291,290.9919123409211,2.879849154270717e-10,0.07549389547437386
292,291.9918845483749,2.798053876670116e-10,0.07533403482252091
293,292.9918567558405,2.718715878811452e-10,0.0751750970431963
294,293.9918289633202,2.641757090057476e-10,0.07501707359529336
295,294.9918011708152,2.567102101172073e-10,0.0748599559943136
296,295.9917733783278,2.494678003344862e-10,0.0747037358959927
297,296.9917455858597,2.424414325709876e-10,0.07454840506161804
298,297.9917177934132,2.356242933399317e-10,0.07439395537894583
299,298.9916900009912,2.290098015014397e-10,0.07424037876069511
300,299.991662208597,2.225915839005591e-10,0.07408766737830524
301,300.9916344162336,2.163634938039622e-10,0.07393581327970164
302,301.9916066239048,2.103195795672506e-10,0.07378480873567332
303,302.9915788316155,2.044540791732016e-10,0.07363464622817266
304,303.9915510393703,1.987614422006186e-10,0.07348531798614819
305,304.991523247175,1.932362760346099e-10,0.07333681673996655
306,305.9914954550357,1.878733812227794e-10,0.07318913504715181
307,306.9914676629603,1.826677203462072e-10,0.07304226570220111
308,307.9914398709569,1.776144342448926e-10,0.07289620134955163
309,308.9914120790342,1.727088056049643e-10,0.0727509350274661
310,309.9913842872039,1.679462806343584e-10,0.07260645968448846
311,310.9913564954776,1.633224527207848e-10,0.07246276837290117
312,311.9913287038696,1.588330570822303e-10,0.07231985425521699
313,312.9913009123954,1.544739665133298e-10,0.07217771059280549
314,313.9912731210736,1.502411926901022e-10,0.07203633061869451
315,314.9912453299251,1.46130872151416e-10,0.07189570772804822
316,315.9912175389728,1.421392655712726e-10,0.07175583540604494
317,316.9911897482449,1.382627529898085e-10,0.07161670724020057
318,317.9911619577719,1.344978363064386e-10,0.07147831676836171
319,318.9911341675895,1.308411219853492e-10,0.07134065778170481
320,319.9911063777395,1.272893391696275e-10,0.07120372380817766
321,320.9910785882684,1.238392999126381e-10,0.07106750897748181
322,321.9910507992311,1.204879403588224e-10,0.07093200693412094
323,322.9910230106897,1.172322785504196e-10,0.07079721179029687
324,323.9909952227165,1.140694321831549e-10,0.07066311760595775
325,324.9909674353949,1.109966171581314e-10,0.07052971832421794
326,325.9909396488212,1.080111284105671e-10,0.07039700820518517
327,326.9909118631062,1.051103483412864e-10,0.07026498152539919
328,327.9908840783795,1.022917478608267e-10,0.07013363245424738
329,328.9908562947899,9.955287209433669e-11,0.07000295538434817
330,329.9908285125114,9.689134548184179e-11,0.06987294470839883
331,330.9908007317453,9.43048648689298e-11,0.06974359494979049
332,331.9907729527265,9.179120509419507e-11,0.06961490050585463
333,332.9907451757285,8.934820620011136e-11,0.06948685597378322
334,333.9907174010704,8.697377471494659e-11,0.06935945604427148
335,334.9906896291249,8.466588641676189e-11,0.06923269532907712
336,335.9906618603286,8.242257935059555e-11,0.06910656851813698
337,336.9906340951922,8.024194905185874e-11,0.06898107048199449
338,337.9906063343167,7.812215601429513e-11,0.06885619592791829
339,338.9905785784066,7.606142027565241e-11,0.06873193950762889
340,339.9905508282924,7.405800589170014e-11,0.06860829634693011
341,340.9905230849533,7.211023840225463e-11,0.0684852613135405
342,341.9904953495453,7.021649578365196e-11,0.06836282928252693
343,342.9904676234365,6.837520643538008e-11,0.0682409951454494
344,343.9904399082487,6.65848431131793e-11,0.06811975400076796
345,344.9904122059081,6.484393081214476e-11,0.06799910075076969
346,345.9903845187046,6.315103524073006e-11,0.06787903053021416
347,346.9903568493697,6.150477417076792e-11,0.06775953812901694
348,347.9903292011653,5.990379934418231e-11,0.06764061874574427
349,348.9903015779954,5.834681201653747e-11,0.06752226720247999
350,349.9902739845433,5.683254843873656e-11,0.06740447855837392
351,350.9902464264392,5.535979598509806e-11,0.06728724723926455
352,351.9902189104668,5.392734980970891e-11,0.06717056917737976
353,352.9901914448196,5.253407924228923e-11,0.06705443834463946
354,353.9901640394172,5.117886979373352e-11,0.06693884965054989
355,354.9901367063009,4.986064713639768e-11,0.06682379763828229
356,355.990109460123,4.857836952792585e-11,0.06670927681544987
357,356.990082318763,4.733102736846158e-11,0.06659528161491539
358,357.9900553040958,4.61176463066034e-11,0.06648180613768284
359,358.9900284429629,4.493728719924936e-11,0.0663688440575352
360,359.9900017683907,4.378903089112281e-11,0.0662563894803164
361,360.9899753211353,4.267200452542726e-11,0.06614443523312839
362,361.9899491516382,4.158535100919858e-11,0.06603297468865837
363,362.9899233225111,4.052825649753631e-11,0.06592199991329156
364,363.9898979116911,3.949992846387299e-11,0.06581150299087707
365,364.9898730164566,3.84996052776637e-11,0.06570147530130065
366,365.9898487585289,3.752655834104264e-11,0.06559190724176092
367,366.9898252905334,3.658008612605628e-11,0.06548278852005268
368,367.9898028041363,3.56595175827341e-11,0.06537410778373078
369,368.9897815401656,3.47642068402136e-11,0.06526585288354467
370,369.9897618009478,3.389354595643848e-11,0.06515800974353257
371,370.9897439647949,3.304694324101934e-11,0.06505056389139323
372,371.9897285018251,3.222383837390531e-11,0.06494349914554688
373,372.989715988592,3.142369319423697e-11,0.06483679820267618
374,373.9897071152981,3.064598128002241e-11,0.06473044342676298
375,374.989702671709,2.989017702083035e-11,0.06462441780289632
376,375.989703482836,2.91557196114728e-11,0.064518708317235
377,376.9897102393696,2.844199034399848e-11,0.06441330855968852
378,377.9897231411599,2.774823387487924e-11,0.06430822700656397
379,378.9897413690911,2.707352457651759e-11,0.06420349197465877
380,379.9897635905883,2.641703967807471e-11,0.06409912635929904
381,380.9898037692518,2.578142491061706e-11,0.06399480145345696
382,381.9932552468985,2.55876282753971e-11,0.06384644706876973
383,383.3152233911578,3.29837639060224e-11,0.06296385900059645
384,387.7650098290815,7.17477419793842e-11,0.06023716462387949
