even_sector_index,eigenvalue,abs_center_value,minus_log_abs_center_over_eigenvalue
0,0,0.3989367365320032,nan
1,1.002365529484982,0.002056057487690219,6.172364061661392
2,2.002610881070974,0.00136468577539529,3.294115267411945
3,3.002475284972384,0.000997590239171617,2.301490367811837
4,4.002232278970983,0.0007663543179479569,1.792466163644658
5,5.001966480247733,0.0006076200495522044,1.480609839967165
6,6.001708387779288,0.0004926770988634196,1.26891479530993
7,7.001468952109239,0.0004063064985318211,1.115252072685217
8,8.001251257245547,0.0003395999541495925,0.9983116367339114
9,9.001055096321254,0.0002869701350650995,0.9061307057168457
10,10.00087892630049,0.0002447285651365937,0.8314630064288966
11,11.00072074370096,0.0002103418898687335,0.7696565071822946
12,12.00057848230657,0.0001820141428920356,0.7175842546594845
13,13.0004501887062,0.0001584386351141908,0.6730646302831171
14,14.00033409174461,0.0001386438031444666,0.6345278921860514
15,15.00022862103816,0.0001218938119626702,0.6008148618049839
16,16.00013240159078,0.0001076224333607178,0.5710503647192551
17,17.00004423800106,9.53878752042212e-05,0.5445608818586883
18,17.99996309500958,8.484120659251764e-05,0.5208193570680798
19,18.99988807770409,7.570383996166953e-05,0.4994072403982369
20,19.99981841292997,6.775118618229485e-05,0.4799877874853978
21,20.99975343254096,6.080060286894948e-05,0.462286897063769
22,21.99969255865822,5.470238266915989e-05,0.4460791106270056
23,22.999635290876,4.93329290464559e-05,0.4311772183552919
24,23.99958119525193,4.458952911870285e-05,0.4174244299565942
25,24.99952989487934,4.038630790209452e-05,0.4046883995937872
26,25.99948106183767,3.66510670067491e-05,0.3928566109586812
27,26.99943441032856,3.332279275737434e-05,0.3818327736519734
28,27.99938969082544,3.034967610778291e-05,0.3715339808219494
29,28.99934668508484,2.768752747830285e-05,0.3618884463736106
30,29.99930520188915,2.529849895630634e-05,0.3528336880653686
31,30.99926507340989,2.315004762330872e-05,0.3443150569858883
32,31.99922615209546,2.121408945113249e-05,0.3362845385427148
33,32.99918830800549,1.946630485370511e-05,0.3286997680673799
34,33.99915142652188,1.788556570895755e-05,0.3215232173961806
35,34.99911540638164,1.645346026447313e-05,0.3147215186599003
36,35.99908015798204,1.515389737018033e-05,0.3082648989428375
37,36.99904560191837,1.397277534476422e-05,0.3021267051068308
38,37.99901166772022,1.289770377058901e-05,0.2962830023888439
39,38.99897829275719,1.1917768839147e-05,0.290712233706813
40,39.99894542128937,1.102333469289717e-05,0.2853949291930012
41,40.99891300364252,1.020587464728672e-05,0.2803134574966344
42,41.99888099549015,9.457827317102774e-06,0.2754518119903617
43,42.99884935722749,8.772473580061048e-06,0.2707954262783938
44,43.99881805342493,8.143831039214915e-06,0.2663310144104529
45,44.9987870523495,7.566563232080461e-06,0.262046432013591
46,45.99875632554642,7.035901308885668e-06,0.2579305552048585
47,46.99872584747084,6.547576287861135e-06,0.2539731746754565
48,47.99869559516564,6.097760310143648e-06,0.2501649027663681
49,48.99866554797664,5.683015574400142e-06,0.2464970917075802
50,49.99863568730228,5.300249843358005e-06,0.2429617614815458
51,50.99860599637267,4.946677589434227e-06,0.2395515360097856
52,51.99857646005399,4.619785991404648e-06,0.2362595865597964
53,52.99854706467585,4.317305114712504e-06,0.2330795814331776
54,53.99851779787819,4.037181708332914e-06,0.230005641133737
55,54.99848864847517,3.777556135271543e-06,0.2270322983289261
56,55.99845960633503,3.536742024206211e-06,0.2241544620150472
57,56.99843066227224,3.313208289098654e-06,0.2213673853784963
58,57.99840180795207,3.10556321383478e-06,0.21866663691361
59,58.99837303580605,2.912540341003532e-06,0.216048074417988
60,59.99834433895528,2.732985940283494e-06,0.2135078215340087
61,60.99831571114323,2.565847862065954e-06,0.2110422465500403
62,61.9982871466743,2.410165608247352e-06,0.2086479432101769
63,62.99825864036023,2.265061474341511e-06,0.2063217133128941
64,63.99823018747121,2.129732636036139e-06,0.2040605509067026
65,64.99820178369217,2.003444069861286e-06,0.2018616279130322
66,65.99817342508375,1.885522211420518e-06,0.1997222810288465
67,66.99814510804698,1.77534926719692e-06,0.1976399997759256
68,67.99811682929186,1.67235810598033e-06,0.1956124155821752
69,68.9980885858083,1.576027665321962e-06,0.1936372917914772
70,69.9980603748413,1.485878816164867e-06,0.1917125145110088
71,70.99803219386708,1.401470635660185e-06,0.1898360842148115
72,71.99800404057254,1.322397044080629e-06,0.1880061080315913
73,72.99797591283618,1.248283766941416e-06,0.1862207926523629
74,73.99794780871122,1.178785588020263e-06,0.1844784377996753
75,74.99791972641042,1.113583862747657e-06,0.1827774302079894
76,75.99789166429149,1.052384265062444e-06,0.1811162380684758
77,76.99786362084468,9.949147438448567e-07,0.179493405896206
78,77.99783559468166,9.409236675272114e-07,0.1779075497841063
79,78.99780758452457,8.901781381429953e-07,0.1763573530078696
80,79.99777958919691,8.424624577712372e-07,0.1748415619539332
81,80.99775160761497,7.975767325013985e-07,0.1733589823410985
82,81.9977236387796,7.553356003438676e-07,0.1719084757131802
83,82.99769568176971,7.155670712347851e-07,0.1704889561781081
84,83.99766773573532,6.781114682420835e-07,0.1690993873754892
85,84.99763979989177,6.428204604775102e-07,0.1677387796521965
86,85.99761187351454,6.095561789675391e-07,0.1664061874311295
87,86.99758395593418,5.781904078118341e-07,0.1651007067566145
88,87.99755604653173,5.486038436159344e-07,0.1638214730033856
89,88.9975281447351,5.20685416978867e-07,0.162567658735541
90,89.9975002500144,4.943316702750699e-07,0.1613384717063245
91,90.99747236187964,4.694461867946977e-07,0.1601331529851069
92,91.99744447987702,4.45939066541659e-07,0.1589509752041261
93,92.99741660358603,4.237264445817142e-07,0.1577912409153819
94,93.99738873261677,4.027300481668571e-07,0.1566532810502332
95,94.9973608666081,3.828767892813344e-07,0.1555364534734143
96,95.99733300522466,3.640983894982848e-07,0.1544401416256845
97,96.99730514815545,3.463310344301748e-07,0.1533637532470577
98,97.99727729511187,3.295150551225105e-07,0.152306719178414
99,98.99724944582563,3.135946342462183e-07,0.1512684922321571
100,99.99722160004764,2.985175349276436e-07,0.150248546129163
101,100.9971937575464,2.842348503098763e-07,0.1492463744981302
102,101.9971659181067,2.707007721790256e-07,0.1482614899314454
103,102.9971380815284,2.578723770409444e-07,0.1472934230952526
104,103.997110247625,2.457094282569859e-07,0.1463417218889384
105,104.9970824162232,2.341741929180006e-07,0.14540595065134
106,105.9970545871618,2.232312722246157e-07,0.1444856894124985
107,106.9970267602904,2.128474444103894e-07,0.1435805331833244
108,107.9969989354688,2.029915190717227e-07,0.1426900912863062
109,108.9969711125665,1.93634202101527e-07,0.1418139867207509
110,109.996943291462,1.847479703532517e-07,0.1409518555620738
111,110.9969154720414,1.763069552836389e-07,0.1401033463927883
112,111.9968876541992,1.682868348927834e-07,0.1392681197625417
113,112.9968598378365,1.606647332722318e-07,0.1384458476780905
114,113.9968320228608,1.534191272837023e-07,0.1376362131159733
115,114.996804209186,1.4652975969953e-07,0.1368389095632036
116,115.9967763967321,1.39977558402396e-07,0.1360536405799327
117,116.9967485854234,1.337445611853854e-07,0.1352801193827666
118,117.9967207751898,1.27813845685822e-07,0.1345180684504997
119,118.9966929659657,1.221694641181676e-07,0.1337672191483055
120,119.9966651576895,1.167963824274456e-07,0.1330273113708843
121,120.9966373503038,1.116804235888072e-07,0.1322980932000226
122,121.9966095437549,1.068082146381657e-07,0.1315793205837681
123,122.9965817379924,1.021671372973414e-07,0.1308707570267175
124,123.996553932969,9.774528187365421e-08,0.1301721732948208
125,124.9965261286409,9.353140416234216e-08,0.1294833471371334
126,125.9964983249668,8.951488522322625e-08,0.1288040630168476
127,126.9964705219075,8.568569375136141e-08,0.1281341118572825
128,127.996442719427,8.203435090637619e-08,0.1274732907982067
129,128.9964149174914,7.855189740567842e-08,0.1268214029638963
130,129.9963871160684,7.522986274895616e-08,0.1261782572399467
131,130.9963593151284,7.206023638217607e-08,0.1255436680626926
132,131.9963315146433,6.903544071835344e-08,0.1249174552156793
133,132.9963037145866,6.614830584985742e-08,0.1242994436366102
134,133.9962759149338,6.339204587260536e-08,0.1236894632304434
135,134.9962481156614,6.076023666290426e-08,0.1230873486939093
136,135.9962203167478,5.824679506496106e-08,0.1224929393446298
137,136.9961925181725,5.584595936276082e-08,0.1219060789580621
138,137.9961647199164,5.355227093524482e-08,0.1213266156141303
139,138.9961369219611,5.136055707013274e-08,0.1207544015461809
140,139.9961091242899,4.926591482382009e-08,0.1201892929964132
141,140.9960813268867,4.726369581542177e-08,0.1196311500840527
142,141.9960535297367,4.534949200857212e-08,0.1190798366694184
143,142.9960257328256,4.351912231091721e-08,0.118535220228846
144,143.9959979361403,4.176861997123671e-08,0.1179971717357908
145,144.9959701396683,4.009422077166353e-08,0.1174655655396588
146,145.9959423433979,3.8492351842235e-08,0.1169402792625447
147,146.995914547318,3.695962123363705e-08,0.1164211936837488
148,147.9958867514184,3.549280801783814e-08,0.1159081926435485
149,148.9958589556893,3.40888530325809e-08,0.1154011629393737
150,149.9958311601215,3.274485011528818e-08,0.1148999942353075
151,150.9958033647066,3.14580378930408e-08,0.1144045789659784
152,151.9957755694362,3.022579199429704e-08,0.1139148122547247
153,152.9957477743029,2.90456177712029e-08,0.1134305918219251
154,153.9957199792996,2.791514337395621e-08,0.1129518179105581
155,154.9956921844197,2.683211326999233e-08,0.1124783932038545
156,155.9956643896569,2.579438210676075e-08,0.1120102227513436
157,156.9956365950054,2.479990892749177e-08,0.1115472138963759
158,157.9956088004598,2.384675171677255e-08,0.1110892762052403
159,158.9955810060147,2.293306223716843e-08,0.1106363214027524
160,159.9955532116657,2.205708118265519e-08,0.1101882633026371
161,160.9955254174083,2.121713355759142e-08,0.1097450177524383
162,161.9954976232386,2.041162437323385e-08,0.1093065025631046
163,162.9954698291527,1.963903451598014e-08,0.1088726374597599
164,163.9954420351474,1.889791688125666e-08,0.108443344023346
165,164.9954142412195,1.818689272196772e-08,0.1080185456328708
166,165.9953864473664,1.750464816854969e-08,0.1075981674184469
167,166.9953586535855,1.68499309707095e-08,0.1071821362052323
168,167.9953308598749,1.622154737571977e-08,0.1067703804728221
169,168.9953030662328,1.561835922143634e-08,0.1063628302997841
170,169.9952752726578,1.503928114577362e-08,0.1059594173240109
171,170.9952474791491,1.448327796814241e-08,0.1055600746961951
172,171.9952196857059,1.394936219589985e-08,0.105164737040372
173,172.9951918923281,1.343659168248535e-08,0.1047733404079022
174,173.9951640990157,1.294406738134215e-08,0.104385822244483
175,174.9951363057698,1.247093125133808e-08,0.1040021213441308
176,175.9951085125915,1.201636423242274e-08,0.103622177822026
177,176.995080719483,1.157958436834655e-08,0.1032459330697783
178,177.9950529264465,1.115984499945137e-08,0.1028733297244752
179,178.9950251334856,1.075643305041162e-08,0.1025043116387151
180,179.9949973406043,1.036866743498135e-08,0.1021388238368846
181,180.9949695478079,9.99589748638194e-09,0.1017768125020986
182,181.9949417551024,9.637501539047827e-09,0.1014182249262751
183,182.9949139624954,9.292885525760187e-09,0.1010630094919869
184,183.9948861699953,8.961481653842314e-09,0.1007111156521931
185,184.994858377613,8.642747219999863e-09,0.1003624938672336
186,185.9948305853605,8.336163343276667e-09,0.1000170956292629
187,186.9948027932521,8.041233915010806e-09,0.09967487339272452
188,187.9947750013048,7.757484486682774e-09,0.09933578057827125
189,188.9947472095382,7.484461293165001e-09,0.09899977152508742
190,189.9947194179752,7.221730265282469e-09,0.09866680148400088
191,190.9946916266425,6.968876120329669e-09,0.09833682659191414
192,191.9946638355715,6.72550150794643e-09,0.09800980383851847
193,192.9946360447984,6.491226168551115e-09,0.0976856910557841
194,193.9946082543659,6.265686143898219e-09,0.09736444690078083
195,194.9945804643233,6.048533058084948e-09,0.09704603081265896
196,195.9945526747285,5.839433376051542e-09,0.09673040301750543
197,196.9945248856489,5.638067740236408e-09,0.09641752449927878
198,197.9944970971638,5.444130331483543e-09,0.09610735697727769
199,198.9944693093651,5.257328254865481e-09,0.09579986288935688
200,199.9944415223614,5.077380954181283e-09,0.09549500537677698
201,200.9944137362794,4.904019658353124e-09,0.09519274826607062
202,201.9943859512681,4.736986857018972e-09,0.09489305604844782
203,202.9943581675028,4.576035796040921e-09,0.09459589386466122
204,203.9943303851895,4.420929997717757e-09,0.09430122748971444
205,204.9943026045713,4.271442813840013e-09,0.09400902330656813
206,205.9942748259353,4.127356977392007e-09,0.09371924830529653
207,206.9942470496205,3.988464195996488e-09,0.09343187005960957
208,207.9942192760289,3.854564758169972e-09,0.09314685671043765
209,208.9941915056372,3.72546716600296e-09,0.09286417693940054
210,209.9941637390118,3.600987756281096e-09,0.0925837999790189
211,210.994135976827,3.480950377400714e-09,0.09230569557453952
212,211.9941082198871,3.36518607639959e-09,0.0920298339496759
213,212.9940804691535,3.253532743207982e-09,0.09175618585268353
214,213.9940527257771,3.145834863401454e-09,0.09148472247379431
215,214.9940249911393,3.041943209116798e-09,0.09121541546571446
216,215.9939972669009,2.941714593631601e-09,0.09094823689105137
217,216.9939695550645,2.8450115845082e-09,0.09068315925019109
218,217.9939418580491,2.751702291763522e-09,0.09042015541159988
219,218.9939141787844,2.661660109264401e-09,0.09015919863177889
220,219.9938865208286,2.574763531939713e-09,0.08990026246675485
221,220.9938588885132,2.490895887235846e-09,0.08964332084496332
222,221.9938312871269,2.409945192146591e-09,0.08938834793965304
223,222.9938037231456,2.3318039391519e-09,0.08913531817588176
224,223.9937762045235,2.256368897988005e-09,0.08888420622851458
225,224.9937487410615,2.183540994146175e-09,0.08863498688409577
226,225.9937213448757,2.113225098865206e-09,0.08838763508408352
227,226.9936940309988,2.045329902551515e-09,0.08814212581689244
228,227.993666818149,1.979767758993338e-09,0.08789843407598469
229,228.9936397297263,1.916454567771988e-09,0.08765653474442649
230,229.9936127951027,1.855309641239769e-09,0.0874164025164785
231,230.993586051305,1.796255579320526e-09,0.08717801180840545
232,231.9935595452251,1.73921819965746e-09,0.086941336538698
233,232.9935333365347,1.684126392081103e-09,0.08670635008604745
234,233.9935075015582,1.630912098043325e-09,0.08647302493699238
235,234.9934821384505,1.579510198693131e-09,0.08624133254408604
236,235.9934573741721,1.529858488746275e-09,0.08601124295006249
237,236.9934333739486,1.481897627773374e-09,0.08578272444138192
238,237.9934103542091,1.435571146318453e-09,0.08555574301508589
239,238.9933886004192,1.390825430225979e-09,0.08533026185697233
240,239.9933684918717,1.347609811364601e-09,0.085106240443863
241,240.9933505364462,1.305876562782559e-09,0.08488363384509975
242,241.9933354197547,1.26558109382847e-09,0.0846623913092234
243,242.9933240751816,1.226682044445023e-09,0.08444245501547766
244,243.9933177843447,1.189141508268833e-09,0.08422375825045711
245,244.9933183216856,1.152925206035924e-09,0.08400622354829335
246,245.9933281619641,1.118002664785448e-09,0.08378976061137881
247,246.9933507730549,1.084347148909435e-09,0.08357426494485981
248,247.993391008852,1.051935016593855e-09,0.08335961862427024
249,248.9934555619575,1.020743507885599e-09,0.08314569754119121
250,249.9935532003499,9.907445528527216e-10,0.08293239612167692
251,250.9936935939563,9.618882345327711e-10,0.08271969926829903
252,251.9938799320652,9.340586391600315e-10,0.08250788432817906
253,252.9940763834137,9.069557235604626e-10,0.08229808294725398
254,253.9941087619579,8.798508215297534e-10,0.08209351329229934
255,255.0157013359795,9.040100270996484e-10,0.08165842555803238
256,257.7861132155438,2.155946918375864e-09,0.07740927374135556
